{"cameraMode":{"drawMode":0,"name":"Shaded","section":"Shading Mode"},"sceneLighting":false,"audioPlay":false,"sceneViewState":{"showFog":true,"showMaterialUpdate":false,"showSkybox":false,"showFlares":true,"showImageEffects":true,"showParticleSystems":true},"in2DMode":false,"pivot":{"x":233.33824157714845,"y":120.06999969482422,"z":226.3092041015625},"rotation":{"x":0.000509013538248837,"y":-0.9992906451225281,"z":0.03479917719960213,"w":0.014968336559832096},"size":4.041658401489258,"orthographic":false}