{"cameraMode":{"drawMode":0,"name":"Shaded","section":"Shading Mode"},"sceneLighting":false,"audioPlay":false,"sceneViewState":{"showFog":true,"showMaterialUpdate":false,"showSkybox":false,"showFlares":true,"showImageEffects":true,"showParticleSystems":true},"in2DMode":false,"pivot":{"x":227.14154052734376,"y":124.9252700805664,"z":225.37930297851563},"rotation":{"x":0.07530859857797623,"y":-0.912165641784668,"z":0.19471175968647004,"w":0.3527193069458008},"size":41.107391357421878,"orthographic":false}