{"cameraMode":{"drawMode":0,"name":"Shaded","section":"Shading Mode"},"sceneLighting":false,"audioPlay":false,"sceneViewState":{"showFog":true,"showMaterialUpdate":false,"showSkybox":false,"showFlares":true,"showImageEffects":true,"showParticleSystems":true},"in2DMode":false,"pivot":{"x":11.387786865234375,"y":0.45999956130981448,"z":3.404693126678467},"rotation":{"x":-0.18141832947731019,"y":0.5743406414985657,"z":-0.13235925137996674,"w":-0.7872164249420166},"size":2.397047519683838,"orthographic":false}