{"cameraMode":{"drawMode":0,"name":"Shaded","section":"Shading Mode"},"sceneLighting":false,"audioPlay":false,"sceneViewState":{"showFog":true,"showMaterialUpdate":false,"showSkybox":false,"showFlares":true,"showImageEffects":true,"showParticleSystems":true},"in2DMode":false,"pivot":{"x":-2.5160000324249269,"y":0.7304545044898987,"z":0.07600000500679016},"rotation":{"x":0.11699625104665756,"y":-0.8300259113311768,"z":0.18997085094451905,"w":0.5111667513847351},"size":2.4425289630889894,"orthographic":false}